,Name,Games,Sets,Points,Serves,Aces,ServeErrs,Receptions,ReceptErrs,ReceptNeg,ReceptPerf,Spikes,SpikeErrs,SpikesBlocked,SpikesPerf,Blocks,Year,Position
0,Veljkovic Stefana,34,128,297,470,30,71,14,1,2,7,357,16,28,192,75,2018,Middleblocker
1,Adams Rachael Alexis,30,109,273,367,20,54,24,5,5,11,394,42,29,206,47,2018,Middleblocker
2,Stevanovic Jovana,30,113,260,357,16,39,13,1,3,6,372,26,31,171,73,2018,Middleblocker
3,De Kruijf Robin,30,83,259,276,21,39,14,1,2,4,330,9,22,178,60,2018,Middleblocker
4,Chirichella Cristina,34,122,236,376,20,70,29,4,6,10,373,27,31,166,50,2018,Middleblocker
5,Olivotto Rossella,24,93,229,361,7,30,16,2,3,4,301,16,14,157,65,2018,Middleblocker
6,Danesi Anna,32,89,227,290,7,23,13,1,0,3,262,9,15,153,67,2018,Middleblocker
7,Kakolewska Agnieszka,26,90,225,278,9,39,6,0,2,1,279,15,17,143,73,2018,Middleblocker
8,Bonifacio Sara,27,101,222,254,5,30,14,5,1,1,292,12,16,156,61,2018,Middleblocker
9,Zambelli Marina,26,96,210,246,4,16,11,2,4,4,326,18,33,166,40,2018,Middleblocker
10,Ferreira Da Silva Adenizia,28,96,205,366,9,27,15,5,2,1,235,13,24,119,77,2018,Middleblocker
11,Alberti Sara,27,100,205,299,9,27,21,5,4,10,266,22,13,133,63,2018,Middleblocker
12,Popovic Mina,27,99,183,293,3,37,8,2,4,1,267,14,16,126,54,2018,Middleblocker
13,Fahr Sarah,22,78,170,261,28,64,16,5,3,3,216,18,12,105,37,2018,Middleblocker
14,Washington Haleigh,22,68,168,203,10,22,9,0,2,4,263,12,7,117,41,2018,Middleblocker
15,Melandri Laura,30,100,166,238,0,13,14,3,4,3,231,14,16,107,59,2018,Middleblocker
16,Lubian Marina,24,69,159,208,16,20,8,1,2,3,238,15,29,120,23,2018,Middleblocker
17,Tapp Hannah,24,83,158,271,11,31,16,1,4,3,229,24,16,101,46,2018,Middleblocker
18,Veglia Tiziana,24,90,148,308,3,30,7,1,1,3,231,5,18,87,58,2018,Middleblocker
19,Garzaro Ilaria,24,83,147,276,8,17,6,1,1,2,221,16,17,116,23,2018,Middleblocker
20,Middleborn Samantha,22,68,139,191,6,25,5,2,1,1,225,17,14,101,32,2018,Middleblocker
21,Arrighetti Valentina,26,75,136,281,10,11,13,0,6,5,202,10,12,86,40,2018,Middleblocker
22,Akrari Yasmina,24,84,134,286,7,13,6,0,2,2,233,16,17,91,36,2018,Middleblocker
23,Menghi Sara,26,82,120,245,4,16,5,3,1,0,187,12,18,78,38,2018,Middleblocker
24,Cogliandro Asia,24,70,119,201,14,20,10,4,1,1,190,17,16,97,8,2018,Middleblocker
25,Folie Raphaela,28,40,97,125,8,28,4,1,0,0,127,12,4,71,18,2018,Middleblocker
26,Pisani Giulia,24,36,75,111,4,8,0,0,0,0,95,6,1,49,22,2018,Middleblocker
27,Barysevic Anzhelika,20,34,69,87,1,10,2,0,1,0,107,6,2,54,14,2018,Middleblocker
28,Miniuk Julia,22,47,68,115,6,16,5,2,2,0,119,7,11,49,13,2018,Middleblocker
29,Berti Beatrice,27,50,64,158,4,11,1,1,0,0,107,4,8,40,20,2018,Middleblocker
30,Botezat Alexandra,27,61,64,165,10,33,3,1,2,0,62,5,4,26,28,2018,Middleblocker
31,Samadan Martina,20,36,64,116,9,21,4,0,2,1,95,6,6,42,13,2018,Middleblocker
32,Devetag Francesca,30,49,62,88,3,14,3,1,1,1,63,1,3,31,28,2018,Middleblocker
33,Candi Sonia,27,61,54,150,4,21,2,0,0,2,79,11,3,33,17,2018,Middleblocker
34,Mancini Giulia,26,59,53,143,7,18,4,0,1,3,92,11,2,34,12,2018,Middleblocker
35,Mazzaro Alessia,30,26,43,83,2,9,5,3,0,2,53,1,1,30,11,2018,Middleblocker
36,Mio Bertolo Giulia,26,32,43,96,4,12,5,2,1,2,70,5,6,25,14,2018,Middleblocker
37,Stufi Federica,34,26,38,60,1,3,3,1,0,0,54,2,3,31,6,2018,Middleblocker
38,Strunjak Ema,23,24,29,60,2,9,3,1,2,0,40,6,5,18,9,2018,Middleblocker
39,Moretto Gaia,32,20,27,62,3,10,1,0,0,0,36,2,2,19,5,2018,Middleblocker
40,Kone Fatim Yassimina,23,30,27,80,2,21,6,2,2,2,56,6,5,17,8,2018,Middleblocker
41,Nwakalor Linda,18,10,6,17,0,4,3,1,1,0,13,1,3,5,1,2018,Middleblocker
42,Facchinetti Fabiola,30,31,2,49,2,7,0,0,0,0,0,0,0,0,0,2018,Middleblocker
43,Mastrodicasa Federica,20,2,2,4,0,0,0,0,0,0,3,1,0,2,0,2018,Middleblocker
44,Baccolo Francesca,8,2,0,1,0,1,0,0,0,0,0,0,0,0,0,2018,Middleblocker
45,Giani Margherita 0,6,0,0,0,0,0,0,0,0,0,0,0,0,0,0,2018,Middleblocker
46,Bertone Floriana,3,0,0,0,0,0,0,0,0,0,0,0,0,0,0,2018,Middleblocker
47,Orthmann Hanna,30,113,406,408,41,57,774,75,162,309,891,90,41,348,17,2018,OutsideHitter
48,Hill Kimberly,32,90,355,343,23,63,500,43,50,226,705,40,45,310,22,2018,OutsideHitter
49,Herbots Britt,26,94,352,357,21,28,682,50,216,222,858,53,35,322,9,2018,OutsideHitter
50,Vasilantonaki Anthi,24,86,347,321,22,56,749,102,150,263,717,54,43,302,23,2018,OutsideHitter
51,Carcaces Kenia,26,92,341,316,26,50,449,43,130,111,700,63,39,287,28,2018,OutsideHitter
52,Bartsch Michelle,34,117,322,390,8,22,784,65,119,346,712,53,40,294,20,2018,OutsideHitter
53,Villani Francesca,24,94,309,313,10,11,582,54,128,190,795,39,46,275,24,2018,OutsideHitter
54,Gennari Alessia,27,95,295,369,19,23,588,54,148,202,692,41,54,249,27,2018,OutsideHitter
55,Bosetti Lucia,30,114,276,436,12,25,599,42,100,254,630,25,35,227,37,2018,OutsideHitter
56,Sylla Myriam,31,81,253,171,3,50,504,49,88,172,542,48,25,216,34,2018,OutsideHitter
57,Salas Wilma,26,82,252,195,7,25,473,47,80,178,590,42,32,224,21,2018,OutsideHitter
58,Angelina Giulia,24,72,242,205,15,39,417,54,78,124,528,47,43,209,18,2018,OutsideHitter
59,Vasileva Elitsa,28,85,234,253,8,14,526,53,104,193,509,23,44,202,24,2018,OutsideHitter
60,Daalderop Nika,27,86,230,218,9,18,393,49,96,119,495,40,18,207,14,2018,OutsideHitter
61,Bosetti Caterina,26,80,229,282,18,28,508,44,76,224,475,35,50,193,18,2018,OutsideHitter
62,Rivero Jessica,23,69,226,238,29,51,407,38,81,122,485,37,44,192,5,2018,OutsideHitter
63,Begic Edina,29,98,221,307,25,27,468,36,78,242,522,35,43,178,18,2018,OutsideHitter
64,Meijners Floortje,27,67,210,167,17,24,139,13,35,53,442,36,23,176,17,2018,OutsideHitter
65,Cruz Aurea,26,97,205,324,14,34,512,51,64,239,528,46,49,181,10,2018,OutsideHitter
66,Mingardi Camilla,24,74,200,200,10,27,217,21,59,54,492,27,31,169,21,2018,OutsideHitter
67,Perinelli Elena,24,88,200,296,5,25,455,37,53,200,477,34,37,185,10,2018,OutsideHitter
68,Markovic Srna,25,78,199,204,14,42,457,29,58,185,446,37,46,179,6,2018,OutsideHitter
69,Courtney Megan,23,82,195,242,6,31,452,39,69,200,476,33,33,168,21,2018,OutsideHitter
70,Plak Celeste,32,82,184,187,17,37,344,40,98,82,403,19,35,154,13,2018,OutsideHitter
71,Acosta Alvarado Roslandy,24,70,164,178,8,42,378,32,62,126,410,26,23,147,9,2018,OutsideHitter
72,Degradi Alice,27,83,162,206,20,20,330,30,60,125,361,37,22,130,12,2018,OutsideHitter
73,Tirozzi Valentina,32,96,159,354,33,36,384,43,63,128,333,22,20,116,10,2018,OutsideHitter
74,Omoruyi Loveth Oghosasere,23,70,153,157,0,20,416,47,109,125,363,43,28,134,19,2018,OutsideHitter
75,Di Iulio Chiara,15,52,145,161,5,26,263,18,36,113,387,34,23,130,10,2018,OutsideHitter
76,Populini Alessia,23,67,132,200,18,28,335,43,83,97,317,27,27,108,6,2018,OutsideHitter
77,Pietrini Elena,21,52,126,129,5,32,333,57,69,108,352,37,29,113,8,2018,OutsideHitter
78,Buijs Anne,19,48,126,99,0,13,234,23,63,79,324,9,17,116,10,2018,OutsideHitter
79,Nizetich Yamila,34,92,116,216,23,20,267,31,54,80,251,22,17,86,7,2018,OutsideHitter
80,Pietersen Judith,24,42,116,123,5,9,237,22,51,62,311,23,22,106,5,2018,OutsideHitter
81,Mitchem Annie,30,38,112,97,4,10,154,20,35,41,240,18,12,97,11,2018,OutsideHitter
82,Aliyeva Odina,17,47,108,132,5,32,357,40,70,118,264,14,36,97,6,2018,OutsideHitter
83,Piccinini Francesca,33,105,101,236,9,20,311,32,48,148,269,20,23,84,8,2018,OutsideHitter
84,Partenio Laura,24,40,95,132,4,18,275,29,59,94,243,16,36,85,6,2018,OutsideHitter
85,Loda Sara,24,47,88,125,17,22,204,22,44,69,176,14,15,65,6,2018,OutsideHitter
86,Piani Vittoria,27,33,87,81,4,15,1,0,0,1,216,19,17,78,5,2018,OutsideHitter
87,Santana Daly,17,30,87,86,0,6,167,17,25,87,195,13,18,83,4,2018,OutsideHitter
88,Enweonwu Terry Ruth,9,22,74,83,6,18,46,8,10,13,150,8,13,65,3,2018,OutsideHitter
89,Gray Alexa,26,41,54,49,2,15,79,15,18,25,130,12,2,52,0,2018,OutsideHitter
90,Marcon Francesca,25,36,45,96,2,9,172,8,29,89,100,9,10,36,7,2018,OutsideHitter
91,Dapic Barbara,23,31,38,39,5,10,2,1,0,0,81,3,10,29,4,2018,OutsideHitter
92,Battista Valeria,24,33,25,47,2,5,89,16,23,23,75,9,12,20,3,2018,OutsideHitter
93,Easy Megan,4,5,24,20,2,2,33,2,6,9,31,2,0,19,3,2018,OutsideHitter
94,Papa Valeria,30,32,17,48,4,2,80,5,19,18,35,0,3,13,0,2018,OutsideHitter
95,Baggi Laura,24,23,16,20,1,3,54,10,11,20,42,5,6,14,1,2018,OutsideHitter
96,Biava Giulia,24,23,10,8,0,3,32,2,5,13,21,1,1,9,1,2018,OutsideHitter
97,Kosheleva Tatiana,5,6,10,10,0,1,6,2,3,0,28,0,4,9,1,2018,OutsideHitter
98,Schwan Courtney Rose,14,16,9,8,0,1,36,3,11,10,38,3,5,9,0,2018,OutsideHitter
99,Hood Regan,11,3,4,2,0,1,17,5,5,1,9,0,0,4,0,2018,OutsideHitter
100,Peruzzo Virginia,27,25,2,36,2,4,0,0,0,0,0,0,0,0,0,2018,OutsideHitter
101,Starcevic Ana,7,4,1,2,0,0,9,3,1,3,4,0,0,1,0,2018,OutsideHitter
102,Tonello Elisa,24,26,0,33,0,2,7,1,2,3,1,0,0,0,0,2018,OutsideHitter
103,Malesevic Tijana,12,11,0,16,0,3,7,3,1,2,2,0,0,0,0,2018,OutsideHitter
104,Rodriguez Elina,7,1,0,2,0,1,1,1,0,0,0,0,0,0,0,2018,OutsideHitter
105,Flueras Ruxandra Andrada 0,3,0,0,0,0,0,0,0,0,0,0,0,0,0,0,2018,OutsideHitter
106,Bassi Maria Teresa,3,0,0,0,0,0,0,0,0,0,0,0,0,0,0,2018,OutsideHitter
107,Bulovic Katarina,3,0,0,0,0,0,0,0,0,0,0,0,0,0,0,2018,OutsideHitter
108,Bolzonetti Alessia,2,0,0,0,0,0,0,0,0,0,0,0,0,0,0,2018,OutsideHitter
109,Rolando Alice 0,2,0,0,0,0,0,0,0,0,0,0,0,0,0,0,2018,OutsideHitter
110,Malual Ajack Jhon Majak 0,1,0,0,0,0,0,0,0,0,0,0,0,0,0,0,2018,OutsideHitter
111,Egonu Paola,34,122,792,443,52,78,7,4,0,3,1452,172,66,677,63,2018,Opposite
112,Haak Isabelle,30,115,602,456,35,65,21,1,8,4,1242,95,37,518,49,2018,Opposite
113,Ortolani Serena,30,114,460,390,16,44,6,2,1,3,1060,54,73,410,34,2018,Opposite
114,Lippmann Louisa,27,106,454,326,17,83,15,3,4,3,1001,73,54,410,27,2018,Opposite
115,Van Hecke Lise,26,96,451,369,27,48,3,0,1,0,1033,100,49,401,23,2018,Opposite
116,Fabris Samanta,32,96,402,342,30,71,5,1,1,3,819,56,41,353,19,2018,Opposite
117,De La Caridad Silva Giselle,24,88,395,278,30,49,8,3,0,3,813,105,86,338,27,2018,Opposite
118,Nicoletti Anna,24,94,346,331,23,49,6,3,0,0,888,85,48,294,29,2018,Opposite
119,Smarzek Malwina,24,84,342,247,8,27,6,2,1,2,747,38,42,305,29,2018,Opposite
120,Sorokaite Indre,27,101,319,369,23,45,606,53,124,238,728,39,39,265,31,2018,Opposite
121,Whitney Aiyana,24,86,304,297,19,47,3,2,0,1,745,74,37,269,16,2018,Opposite
122,Nwakalor Sylvia,24,86,276,203,5,55,111,23,28,37,650,86,49,257,14,2018,Opposite
123,Grobelna Kaja,26,70,258,185,9,26,4,1,1,2,595,54,49,226,23,2018,Opposite
124,Rahimova Polina,16,50,258,213,26,32,7,1,2,0,540,46,41,221,11,2018,Opposite
125,Cuttino Danielle,26,60,225,174,8,28,2,0,1,1,480,46,35,202,15,2018,Opposite
126,Lowe Karsta,19,34,111,94,5,19,0,0,0,0,238,21,11,96,10,2018,Opposite
127,Bianchini Marika,30,87,82,172,18,29,151,23,23,67,185,8,17,62,2,2018,Opposite
128,Bici Erblira,34,29,73,67,3,6,0,0,0,0,170,12,17,61,9,2018,Opposite
129,Malual Adhuoljok John Majak,24,43,30,22,1,4,1,1,0,0,67,8,3,25,4,2018,Opposite
130,Nagaoka Miyu,7,15,29,34,2,3,0,0,0,0,54,2,3,26,1,2018,Opposite
131,Kavalenka Julia,26,7,20,21,1,4,1,0,0,1,39,4,4,17,2,2018,Opposite
132,Bartesaghi Giulia,24,39,16,21,0,2,0,0,0,0,49,8,2,14,2,2018,Opposite
133,Zago Valentina,30,23,12,26,1,11,0,0,0,0,40,3,6,9,2,2018,Opposite
134,Chirichella Cristina,19,72,215,190,7,33,14,2,7,3,302,24,19,159,49,2019,Middleblocker
135,Popovic Mina,20,72,213,281,9,21,4,1,1,2,273,14,17,145,59,2019,Middleblocker
136,Danesi Anna,20,73,201,252,12,18,6,2,1,2,222,8,16,118,71,2019,Middleblocker
137,Heyrman Laura,20,74,191,164,8,51,12,1,2,5,300,17,22,145,38,2019,Middleblocker
138,Stevanovic Jovana,20,82,190,278,8,21,11,3,1,6,297,17,18,131,51,2019,Middleblocker
139,Washington Haleigh,18,59,168,167,11,15,5,2,1,2,224,18,11,128,29,2019,Middleblocker
140,Stufi Federica,20,73,162,249,6,10,10,2,3,3,265,11,20,136,20,2019,Middleblocker
141,Candi Sonia,19,72,158,237,9,25,13,1,3,5,269,19,26,112,37,2019,Middleblocker
142,Veljkovic Stefana,15,58,157,244,10,28,8,2,1,2,210,7,13,123,24,2019,Middleblocker
143,Fahr Sarah,20,69,152,258,18,34,13,2,4,4,205,23,11,87,47,2019,Middleblocker
144,De Kruijf Robin,19,53,152,188,14,29,9,0,1,5,212,13,12,108,30,2019,Middleblocker
145,Rolfzen Amber,19,67,152,237,12,24,10,0,2,3,214,15,13,99,41,2019,Middleblocker
146,Veltman Kelsey,20,69,142,206,9,42,14,4,1,5,242,15,20,103,30,2019,Middleblocker
147,Olivotto Rossella,19,76,137,284,6,18,15,1,3,6,208,13,10,80,51,2019,Middleblocker
148,Lubian Marina,20,53,135,182,10,23,3,1,0,2,195,8,9,99,26,2019,Middleblocker
149,Bonifacio Sara,19,63,135,199,6,22,6,1,2,1,160,7,5,95,34,2019,Middleblocker
150,Melandri Laura,19,76,131,213,7,11,15,1,6,6,186,7,8,81,43,2019,Middleblocker
151,Speech Symone,20,71,129,249,5,28,9,2,3,1,214,16,9,105,19,2019,Middleblocker
152,Alberti Sara,20,67,128,190,5,17,7,0,0,4,199,19,9,88,35,2019,Middleblocker
153,Alhassan Rhamat,13,51,126,161,0,18,7,3,3,0,208,17,9,104,22,2019,Middleblocker
154,Grant Nia,16,50,114,118,7,23,9,2,1,3,171,14,8,87,20,2019,Middleblocker
155,Folie Raphaela,19,37,113,114,12,29,5,1,0,2,132,5,7,74,27,2019,Middleblocker
156,Akrari Yasmina,19,51,107,142,4,10,5,1,0,1,139,9,6,69,34,2019,Middleblocker
157,Zambelli Marina,19,63,103,163,1,13,15,3,4,7,212,9,17,86,16,2019,Middleblocker
158,Ogbogu Chiaka,18,33,97,88,3,23,1,1,0,0,117,6,6,63,31,2019,Middleblocker
159,Kakolewska Agnieszka,20,43,95,144,6,10,7,2,3,0,111,2,8,61,28,2019,Middleblocker
160,Moretto Gaia,19,59,88,167,9,16,6,2,1,0,126,7,8,61,18,2019,Middleblocker
161,Mazzaro Alessia,19,45,85,168,7,11,2,0,0,2,119,9,6,63,15,2019,Middleblocker
162,Strunjak Ema,19,49,79,127,7,15,2,1,1,0,122,8,8,57,15,2019,Middleblocker
163,Garzaro Ilaria,15,53,74,214,10,19,7,2,1,1,120,7,3,58,6,2019,Middleblocker
164,Mio Bertolo Giulia,18,33,69,90,3,14,2,0,1,1,101,5,8,40,26,2019,Middleblocker
165,Casillo Luisa,19,57,60,187,7,23,7,3,0,3,99,7,11,32,21,2019,Middleblocker
166,Mancini Giulia,19,46,57,133,9,16,3,1,0,1,103,12,8,35,13,2019,Middleblocker
167,Menghi Sara,19,47,52,107,3,10,10,2,0,3,95,9,12,40,9,2019,Middleblocker
168,Berti Beatrice,19,23,47,53,2,8,1,0,1,0,57,2,2,31,14,2019,Middleblocker
169,Maglio Emily,19,32,38,55,1,9,4,2,1,0,60,8,3,26,11,2019,Middleblocker
170,Squarcini Federica,20,58,37,121,18,19,3,0,3,0,26,2,1,15,4,2019,Middleblocker
171,Frigo Laura,19,39,33,93,5,10,2,0,0,0,57,2,8,16,12,2019,Middleblocker
172,Arrighetti Valentina,18,31,31,97,3,5,2,0,0,2,46,2,2,19,9,2019,Middleblocker
173,Harris Deja Sabine,4,12,27,26,3,8,18,8,5,2,66,8,8,22,2,2019,Middleblocker
174,Botezat Alexandra,20,24,21,55,1,5,1,0,0,1,30,1,1,17,3,2019,Middleblocker
175,Veglia Tiziana,20,15,19,42,0,0,1,0,0,0,25,1,1,11,8,2019,Middleblocker
176,Mazzoleni Monica,20,24,17,40,1,7,0,0,0,0,29,3,2,12,4,2019,Middleblocker
177,Mazzoni Domiziana,2,6,7,12,0,2,1,1,0,0,24,2,2,6,1,2019,Middleblocker
178,Sobolska Dominika,3,6,4,14,1,1,1,0,0,1,8,1,1,2,1,2019,Middleblocker
179,Civitico Giada,19,10,2,4,0,2,1,1,0,0,3,0,0,2,0,2019,Middleblocker
180,Fiocco Marianna,20,2,1,2,0,0,0,0,0,0,0,0,0,0,1,2019,Middleblocker
181,Molinaro Beatrice,20,0,0,0,0,0,0,0,0,0,0,0,0,0,0,2019,Middleblocker
182,Piacentini Federica,19,0,0,0,0,0,0,0,0,0,0,0,0,0,0,2019,Middleblocker
183,Meli Denise,4,0,0,0,0,0,0,0,0,0,0,0,0,0,0,2019,Middleblocker
184,Ferreira Da Silva Adenizia,2,0,0,0,0,0,0,0,0,0,0,0,0,0,0,2019,Middleblocker
185,Vasileva Elitsa,19,72,305,219,3,8,408,51,68,160,678,38,43,273,29,2019,OutsideHitter
186,Herbots Britt,19,66,283,264,22,30,439,40,124,159,584,37,32,248,13,2019,OutsideHitter
187,Bosetti Caterina,20,72,268,317,9,41,433,40,62,208,543,43,52,222,37,2019,OutsideHitter
188,Carcaces Kenia,20,70,259,210,12,35,314,33,80,90,544,39,36,219,28,2019,OutsideHitter
189,Pietrini Elena,20,77,256,271,15,54,570,59,85,238,516,44,33,219,22,2019,OutsideHitter
190,Orthmann Hanna,20,71,238,278,17,54,525,62,111,205,554,52,22,207,14,2019,OutsideHitter
191,Mitchem Annie,19,67,231,179,10,24,366,36,93,129,494,30,20,199,22,2019,OutsideHitter
192,Meijners Floortje,18,63,228,207,20,25,351,46,53,162,485,45,29,191,17,2019,OutsideHitter
193,Daalderop Nika,20,60,223,144,6,22,311,29,64,89,445,34,23,200,17,2019,OutsideHitter
194,Bricio Samantha,20,68,221,251,18,51,410,33,69,170,461,32,33,189,14,2019,OutsideHitter
195,Gray Alexa,18,54,221,176,10,22,315,40,56,93,422,30,26,199,12,2019,OutsideHitter
196,Bidias Regiane Fernanda Aparecida,19,64,200,170,9,24,418,44,72,207,484,32,41,174,17,2019,OutsideHitter
197,Partenio Laura,19,67,198,227,9,18,420,39,79,187,482,37,41,175,14,2019,OutsideHitter
198,Perinelli Elena,19,71,196,235,7,22,384,27,46,175,462,31,27,183,6,2019,OutsideHitter
199,Loda Sara,19,72,192,194,15,41,372,35,109,117,430,22,43,168,9,2019,OutsideHitter
200,Gennari Alessia,19,65,187,229,14,14,367,25,96,138,393,26,26,162,11,2019,OutsideHitter
201,Foecke Mikaela,20,62,180,190,8,15,338,28,54,125,439,21,17,157,15,2019,OutsideHitter
202,Guerra Anastasia,18,57,163,165,10,26,381,45,50,164,348,21,24,138,15,2019,OutsideHitter
203,Markovic Srna,19,74,161,225,14,30,446,22,50,240,375,30,29,131,16,2019,OutsideHitter
204,Angelina Giulia,19,48,154,121,6,26,285,31,71,88,327,32,36,132,16,2019,OutsideHitter
205,Courtney Megan,18,62,152,228,4,18,348,30,48,171,422,26,23,131,17,2019,OutsideHitter
206,Cruz Aurea,12,45,149,186,8,24,222,26,33,93,323,20,25,133,8,2019,OutsideHitter
207,Segura Maria,20,65,148,196,16,29,320,24,52,152,362,25,26,114,18,2019,OutsideHitter
208,Sylla Myriam,19,39,148,151,6,13,257,27,39,113,254,22,7,125,17,2019,OutsideHitter
209,Rivero Jessica,20,57,145,204,21,36,374,34,79,108,334,24,25,120,4,2019,OutsideHitter
210,Hill Kimberly,16,43,141,141,7,17,185,17,23,89,257,18,10,126,8,2019,OutsideHitter
211,Angeloni Veronica,19,68,128,194,10,14,284,28,64,111,373,25,37,106,12,2019,OutsideHitter
212,Santana Daly,19,55,117,146,6,13,202,17,31,77,284,25,22,102,9,2019,OutsideHitter
213,Nizetich Yamila,13,43,112,147,7,13,234,24,32,107,298,21,29,101,4,2019,OutsideHitter
214,Degradi Alice,20,60,111,151,11,14,252,22,55,78,264,27,14,93,7,2019,OutsideHitter
215,Scuka Lana,20,64,91,168,10,15,155,14,27,61,240,9,14,67,14,2019,OutsideHitter
216,Ungureanu Adelina,19,35,86,105,7,8,187,19,38,74,227,20,18,74,5,2019,OutsideHitter
217,Poll Jana Franziska,20,39,85,99,5,7,220,35,33,93,233,15,12,76,4,2019,OutsideHitter
218,Rodrigues De Almeida Samara,19,55,83,145,7,9,270,32,65,99,227,11,16,70,6,2019,OutsideHitter
219,Rigdon Madison,19,33,79,87,6,12,182,17,31,86,185,15,13,65,8,2019,OutsideHitter
220,Bianchini Marika,19,59,79,145,12,21,271,26,54,119,219,22,25,64,3,2019,OutsideHitter
221,Enright Stephanie,18,40,78,81,4,10,123,12,18,43,191,11,20,71,3,2019,OutsideHitter
222,Lazic Rebecka,19,44,74,134,7,1,247,18,63,100,208,12,10,58,9,2019,OutsideHitter
223,Plummer Kathryn,6,22,67,53,6,10,50,3,16,17,105,2,11,55,6,2019,OutsideHitter
224,Jones Perry Veronica,14,30,66,56,4,20,125,21,25,43,160,25,14,54,8,2019,OutsideHitter
225,Van Ryk Kiera,19,38,64,79,5,18,29,7,10,7,159,18,17,58,1,2019,OutsideHitter
226,Geerties Jennifer,19,44,60,105,5,9,136,18,18,70,148,14,7,49,6,2019,OutsideHitter
227,Villani Francesca,19,30,53,84,0,5,120,16,31,38,114,8,6,46,7,2019,OutsideHitter
228,Di Iulio Chiara,17,50,53,136,3,12,161,16,9,91,165,10,7,39,11,2019,OutsideHitter
229,Enweonwu Terry Ruth,20,18,48,56,12,7,1,0,1,0,84,8,8,31,5,2019,OutsideHitter
230,Mariana Andrade Costa,20,34,44,84,5,10,145,16,24,65,126,10,12,33,6,2019,OutsideHitter
231,Crncevic Aleksandra,5,15,29,40,1,6,69,7,21,19,89,4,10,25,3,2019,OutsideHitter
232,Milenkovic Bojana,15,25,24,64,3,4,105,8,16,30,68,7,5,17,4,2019,OutsideHitter
233,Misceo Sara 0,5,15,24,39,2,6,32,17,9,4,84,14,9,21,1,2019,OutsideHitter
234,Meijers Annick,19,31,23,25,0,4,39,9,5,12,61,9,3,20,3,2019,OutsideHitter
235,Gorecka Zuzanna,19,16,15,28,0,5,24,4,5,4,50,4,3,14,1,2019,OutsideHitter
236,Holzer Katharina,13,8,13,18,1,3,23,7,5,5,32,1,3,12,0,2019,OutsideHitter
237,Bosetti Lucia,9,17,9,39,0,2,72,8,16,30,21,0,1,7,2,2019,OutsideHitter
238,Pascucci Giulia,15,11,4,13,0,0,28,4,4,9,14,1,2,4,0,2019,OutsideHitter
239,Mastroianni Ramona 0,6,9,4,11,0,2,36,12,13,5,12,2,2,4,0,2019,OutsideHitter
240,Chianese Valeria 0,6,14,4,30,0,5,1,1,0,0,11,2,1,4,0,2019,OutsideHitter
241,Biganzoli Federica,20,53,3,24,2,4,65,3,16,28,6,2,0,1,0,2019,OutsideHitter
242,Cagnin Emma,3,5,3,7,0,1,14,0,2,6,10,1,1,3,0,2019,OutsideHitter
243,Fiesoli Alessia,20,12,2,18,0,0,11,0,3,2,8,1,0,0,2,2019,OutsideHitter
244,Saccomani Laura,20,26,1,1,0,0,0,0,0,0,2,1,0,0,1,2019,OutsideHitter
245,Cicolari Greta,1,1,1,1,0,0,5,2,2,1,3,1,0,1,0,2019,OutsideHitter
246,Pirro Martina,19,2,0,5,0,0,0,0,0,0,0,0,0,0,0,2019,OutsideHitter
247,Piccinini Francesca,5,3,0,0,0,0,3,0,2,1,0,0,0,0,0,2019,OutsideHitter
248,Bolzonetti Alessia,5,0,0,0,0,0,0,0,0,0,0,0,0,0,0,2019,OutsideHitter
249,Bulovic Katarina,4,3,0,5,0,1,0,0,0,0,0,0,0,0,0,2019,OutsideHitter
250,Gitti Marika 0,4,0,0,0,0,0,0,0,0,0,0,0,0,0,0,2019,OutsideHitter
251,Gay Alice,4,0,0,0,0,0,0,0,0,0,0,0,0,0,0,2019,OutsideHitter
252,Negretti Beatrice,4,2,0,1,0,1,1,0,0,0,0,0,0,0,0,2019,OutsideHitter
253,Kosareva Dayana,4,0,0,0,0,0,0,0,0,0,0,0,0,0,0,2019,OutsideHitter
254,Maregno Alessia 0,3,0,0,0,0,0,0,0,0,0,0,0,0,0,0,2019,OutsideHitter
255,Fini Alessia 0,3,0,0,0,0,0,0,0,0,0,0,0,0,0,0,2019,OutsideHitter
256,Cucco Chiara,2,2,0,0,0,0,0,0,0,0,0,0,0,0,0,2019,OutsideHitter
257,Begic Edina,2,0,0,0,0,0,0,0,0,0,0,0,0,0,0,2019,OutsideHitter
258,Parise Francesca 0,2,0,0,0,0,0,0,0,0,0,0,0,0,0,0,2019,OutsideHitter
259,Orlandi Bianca 0,2,0,0,0,0,0,0,0,0,0,0,0,0,0,0,2019,OutsideHitter
260,Morandi Martina,1,0,0,0,0,0,0,0,0,0,0,0,0,0,0,2019,OutsideHitter
261,Lapini Bianca 0,1,0,0,0,0,0,0,0,0,0,0,0,0,0,0,2019,OutsideHitter
262,Badalamenti Gaia,1,0,0,0,0,0,0,0,0,0,0,0,0,0,0,2019,OutsideHitter
263,Bonifacio Giulia,1,1,0,1,0,0,0,0,0,0,0,0,0,0,0,2019,OutsideHitter
264,Eze Blessing Chidera,1,1,0,0,0,0,0,0,0,0,0,0,0,0,0,2019,OutsideHitter
265,Cortella Sara,1,0,0,0,0,0,0,0,0,0,0,0,0,0,0,2019,OutsideHitter
266,Stanzione Angela 0,1,0,0,0,0,0,0,0,0,0,0,0,0,0,0,2019,OutsideHitter
267,Mingardi Camilla,20,74,405,291,23,42,8,0,1,4,974,67,55,359,23,2019,Opposite
268,Montibeller Rosamaria,19,77,382,248,4,23,8,1,3,0,896,72,75,346,32,2019,Opposite
269,Van Hecke Lise,19,74,372,292,18,26,3,0,0,3,855,71,52,340,14,2019,Opposite
270,Smarzek Malwina,19,72,315,255,12,40,17,0,7,5,676,44,46,270,33,2019,Opposite
271,Grobelna Kaja,19,71,298,238,10,43,7,2,1,1,695,59,47,261,27,2019,Opposite
272,Nicoletti Anna,19,68,285,218,14,43,9,2,1,4,738,68,29,253,18,2019,Opposite
273,Egonu Paola,19,48,276,205,31,40,2,0,0,1,412,41,8,224,21,2019,Opposite
274,Ortolani Serena,20,73,263,243,7,28,5,1,1,2,632,28,51,226,30,2019,Opposite
275,Lowe Karsta,18,59,263,209,17,27,1,0,0,0,569,45,37,230,16,2019,Opposite
276,Cuttino Danielle,20,72,255,188,10,38,5,0,1,0,560,54,31,223,22,2019,Opposite
277,Nwakalor Sylvia,20,70,238,231,4,30,11,2,3,1,567,62,33,207,27,2019,Opposite
278,Stysiak Magdalena,18,60,221,165,19,32,2,0,1,1,416,36,24,178,24,2019,Opposite
279,Castaneda Simon Liannes,15,51,191,166,5,23,12,6,1,2,490,36,35,172,14,2019,Opposite
280,Sloetjes Lonneke,19,58,179,165,5,28,1,0,0,1,436,32,30,163,11,2019,Opposite
281,Brakocevic Canzian Jovana,16,39,152,152,6,16,2,2,0,0,324,28,24,127,19,2019,Opposite
282,Sorokaite Indre,20,43,118,162,18,19,191,17,40,77,256,22,8,92,8,2019,Opposite
283,Bici Erblira,19,51,44,88,3,9,1,0,0,1,114,14,12,39,2,2019,Opposite
284,Mlakar Iza,15,17,26,35,4,4,0,0,0,0,65,9,5,19,3,2019,Opposite
285,Laak Kertu,17,21,17,33,2,7,0,0,0,0,39,2,4,15,0,2019,Opposite
286,Obossa Josephine,20,17,16,19,2,4,1,1,0,0,30,1,0,14,0,2019,Opposite
287,Baldi Gloria,17,9,8,9,0,2,1,0,0,1,19,1,2,8,0,2019,Opposite
288,Vukasovic Lara,20,13,4,10,0,2,1,0,1,0,12,1,1,4,0,2019,Opposite
289,Taborelli Veronica,13,5,2,6,0,0,0,0,0,0,6,0,2,2,0,2019,Opposite
290,Zakchaiou Katerina,24,96,296,332,15,36,26,2,4,12,379,11,38,197,84,2020,Middleblocker
291,Heyrman Laura,29,110,290,240,1,28,13,0,3,7,403,29,28,206,83,2020,Middleblocker
292,Danesi Anna,29,112,286,342,11,28,12,1,1,7,339,17,18,177,98,2020,Middleblocker
293,Candi Sonia,24,97,269,349,14,24,29,2,4,10,433,29,42,198,57,2020,Middleblocker
294,Mazzaro Alessia,26,101,257,386,12,20,9,0,2,4,296,16,10,167,78,2020,Middleblocker
295,Lubian Marina,30,110,254,344,16,40,13,2,2,5,419,23,25,205,33,2020,Middleblocker
296,Popovic Mina,30,113,245,466,15,32,14,2,3,6,384,19,33,163,67,2020,Middleblocker
297,Fahr Sarah,30,83,239,315,27,55,11,2,1,4,252,16,5,159,52,2020,Middleblocker
298,De Kruijf Robin,28,80,234,270,13,37,19,0,4,11,273,17,11,165,56,2020,Middleblocker
299,Stevanovic Jovana,24,89,225,320,18,32,9,0,0,6,300,23,22,148,59,2020,Middleblocker
300,Koolhaas Nicole,28,104,216,316,3,25,15,7,2,4,318,23,23,148,65,2020,Middleblocker
301,Alberti Sara,27,88,193,280,8,14,13,3,0,4,285,27,17,128,57,2020,Middleblocker
302,Aelbrecht Freya,28,100,190,297,8,9,22,2,5,9,308,13,18,123,57,2020,Middleblocker
303,Furlan Eleonora,26,91,188,342,19,44,19,2,3,5,227,17,15,97,72,2020,Middleblocker
304,Washington Haleigh,28,70,187,232,8,18,3,0,0,3,239,13,7,135,44,2020,Middleblocker
305,Melandri Laura,23,83,185,294,5,9,15,3,3,3,230,10,14,122,58,2020,Middleblocker
306,Olivotto Rossella,26,95,174,298,9,21,20,2,6,6,217,20,12,105,60,2020,Middleblocker
307,Berti Beatrice,24,81,173,235,6,22,11,3,3,2,233,10,15,109,58,2020,Middleblocker
308,Alhassan Rhamat,26,80,160,135,2,17,11,2,5,2,224,8,9,111,47,2020,Middleblocker
309,Bonifacio Sara,30,83,159,241,4,28,7,2,1,1,191,6,13,103,52,2020,Middleblocker
310,Stufi Federica,24,82,148,178,3,8,12,0,0,6,233,16,20,114,31,2020,Middleblocker
311,Belien Yvon,13,48,133,147,8,20,4,1,0,3,214,10,11,98,27,2020,Middleblocker
312,Chirichella Cristina,30,72,132,217,4,38,12,2,3,3,201,15,14,101,27,2020,Middleblocker
313,Moretto Gaia,26,84,122,257,9,29,22,1,7,5,203,16,14,83,30,2020,Middleblocker
314,Fondriest Silvia,25,65,111,157,4,14,21,5,7,4,200,9,17,91,16,2020,Middleblocker
315,Dumancic Beta,26,67,109,184,5,14,12,2,4,3,208,15,17,81,23,2020,Middleblocker
316,Mio Bertolo Giulia,23,57,97,121,2,26,8,2,2,2,147,4,10,68,27,2020,Middleblocker
317,Zambelli Marina,27,63,89,176,3,8,8,1,1,3,135,8,13,60,26,2020,Middleblocker
318,Veglia Tiziana,19,67,86,215,8,19,6,0,0,4,127,4,6,49,29,2020,Middleblocker
319,Ogoms Alicia,11,36,80,129,6,6,8,1,2,3,107,6,3,57,17,2020,Middleblocker
320,Pizzolato Valeria,26,60,78,143,5,13,12,1,1,6,134,5,11,48,25,2020,Middleblocker
321,Butigan Bozana,29,36,76,101,8,21,4,1,2,0,77,4,1,45,23,2020,Middleblocker
322,Kone Fatim Yassimina,28,47,63,44,2,4,5,0,0,1,100,3,7,46,15,2020,Middleblocker
323,Folie Raphaela,21,17,51,52,5,8,1,0,1,0,51,4,3,31,15,2020,Middleblocker
324,Herrera Blanco Liset,24,44,38,73,3,4,3,0,2,0,53,6,4,23,12,2020,Middleblocker
325,Botezat Alexandra,24,42,38,118,8,15,7,1,1,1,65,5,2,20,10,2020,Middleblocker
326,Squarcini Federica,29,83,31,150,21,38,1,0,1,0,24,3,1,7,3,2020,Middleblocker
327,Ciarrocchi Michela,24,84,27,164,4,22,2,0,0,1,33,0,1,13,10,2020,Middleblocker
328,Casillo Luisa,27,33,26,47,0,7,3,1,0,2,52,4,6,19,7,2020,Middleblocker
329,Samadan Martina,29,15,16,27,1,4,2,0,0,1,26,2,2,12,3,2020,Middleblocker
330,Fava Francesca,26,22,10,43,2,10,2,0,1,0,16,2,0,5,3,2020,Middleblocker
331,Acciarri Nausica,14,8,7,15,1,4,1,0,1,0,9,0,2,5,1,2020,Middleblocker
332,Cecconello Agnese,30,6,6,21,1,1,1,0,0,1,11,0,2,2,3,2020,Middleblocker
333,Taj√® Sara,18,25,2,40,2,6,0,0,0,0,1,1,0,0,0,2020,Middleblocker
334,Maregno Alessia 0,9,7,1,10,1,4,0,0,0,0,0,0,0,0,0,2020,Middleblocker
335,Costantini Veronica,10,0,0,0,0,0,0,0,0,0,0,0,0,0,0,2020,Middleblocker
336,Campagnolo Benedetta,5,0,0,0,0,0,0,0,0,0,0,0,0,0,0,2020,Middleblocker
337,Ciotoli Ginevra 0,1,0,0,0,0,0,0,0,0,0,0,0,0,0,0,2020,Middleblocker
338,Frigerio Matilde 0,1,0,0,0,0,0,0,0,0,0,0,0,0,0,0,2020,Middleblocker
339,Gray Alexa,26,89,414,305,12,39,690,62,239,165,817,45,48,377,25,2020,OutsideHitter
340,Bosetti Caterina,30,106,388,455,24,40,530,37,70,248,751,48,82,320,44,2020,OutsideHitter
341,Herbots Britt,30,94,336,282,18,30,571,56,146,166,659,41,40,298,20,2020,OutsideHitter
342,Lanier Khalia,26,88,324,246,9,35,170,18,62,41,821,45,54,300,15,2020,OutsideHitter
343,Jasper Marrit,24,95,313,310,14,33,468,44,85,156,808,55,62,282,17,2020,OutsideHitter
344,Vasileva Elitsa,29,93,309,258,4,14,659,53,116,241,718,43,43,274,31,2020,OutsideHitter
345,Loda Sara,26,93,304,299,8,60,692,72,195,218,754,84,51,274,22,2020,OutsideHitter
346,Carcaces Kenia,28,87,298,274,17,43,490,40,145,157,683,66,51,261,20,2020,OutsideHitter
347,Melli Giulia,26,92,296,244,7,22,592,73,146,187,795,42,73,266,23,2020,OutsideHitter
348,Havelkova Helena,28,96,291,307,19,76,545,48,107,217,659,64,59,245,27,2020,OutsideHitter
349,Ungureanu Adelina,21,85,290,283,19,49,443,44,95,161,651,56,39,240,31,2020,OutsideHitter
350,Guerra Anastasia,28,92,287,334,20,48,523,55,125,166,616,63,50,233,34,2020,OutsideHitter
351,Villani Francesca,27,87,280,271,6,14,569,47,121,188,620,44,38,239,35,2020,OutsideHitter
352,Orthmann Hanna,29,87,270,296,34,57,538,46,146,192,585,54,33,219,17,2020,OutsideHitter
353,Van Gestel Celine,28,97,262,392,18,18,562,56,99,189,694,39,42,231,13,2020,OutsideHitter
354,D'Odorico Sofia,26,91,262,340,32,67,609,72,123,236,665,49,50,216,14,2020,OutsideHitter
355,Courtney Megan,30,96,249,319,7,16,478,31,66,240,588,33,39,215,27,2020,OutsideHitter
356,Frantti Alexandra,27,89,242,245,10,40,419,38,95,158,485,35,32,209,23,2020,OutsideHitter
357,Meijners Floortje,29,90,241,327,17,50,578,59,122,237,596,52,45,209,15,2020,OutsideHitter
358,Gennari Alessia,26,90,236,339,10,28,530,36,147,177,576,36,34,208,18,2020,OutsideHitter
359,Begic Edina,29,89,233,263,13,42,381,37,73,160,475,39,38,187,33,2020,OutsideHitter
360,Pietrini Elena,30,83,230,214,8,22,486,49,96,192,561,32,37,211,11,2020,OutsideHitter
361,Enright Stephanie,26,89,220,274,9,33,530,54,178,129,564,43,47,200,11,2020,OutsideHitter
362,Perinelli Elena,24,83,220,246,6,21,379,31,58,151,543,40,33,197,16,2020,OutsideHitter
363,Bajema Kara,24,81,209,271,7,20,387,46,88,75,484,30,42,180,22,2020,OutsideHitter
364,Adams Mckenzie Elise,30,68,208,189,11,50,383,45,76,140,409,38,15,180,15,2020,OutsideHitter
365,Cvetnic Lea,24,77,203,217,13,41,554,59,98,167,492,47,39,181,9,2020,OutsideHitter
366,Sylla Myriam,27,65,201,219,4,17,383,35,90,153,349,23,10,165,32,2020,OutsideHitter
367,Giovannini Gaia,25,95,191,234,7,39,448,38,90,170,508,37,52,167,17,2020,OutsideHitter
368,Enweonwu Terry Ruth,28,80,187,183,15,31,130,13,40,38,450,24,39,161,11,2020,OutsideHitter
369,Hill Kimberly,28,72,177,241,13,29,319,34,44,155,367,25,11,156,8,2020,OutsideHitter
370,Daalderop Nika,30,57,163,120,9,23,275,32,64,101,359,19,21,140,14,2020,OutsideHitter
371,Angeloni Veronica,28,70,158,157,4,10,282,35,54,117,453,29,47,144,10,2020,OutsideHitter
372,Kosareva Dayana,24,53,151,167,15,29,356,45,74,92,361,22,24,120,16,2020,OutsideHitter
373,Angelina Giulia,24,47,142,102,5,23,253,34,62,71,287,21,26,127,10,2020,OutsideHitter
374,Degradi Alice,8,30,116,97,8,15,262,17,70,83,272,28,12,102,6,2020,OutsideHitter
375,Faucette Johnson Juliann,25,54,114,113,5,5,4,2,2,0,311,28,32,101,8,2020,OutsideHitter
376,Omoruyi Loveth Oghosasere,30,33,91,114,4,12,172,21,39,54,181,19,6,77,8,2020,OutsideHitter
377,Partenio Laura,12,32,90,107,2,7,171,16,38,56,218,17,21,83,5,2020,OutsideHitter
378,Strantzali Olga,14,34,74,81,2,5,142,25,30,40,209,14,19,67,5,2020,OutsideHitter
379,Escamilla Ana,26,45,57,109,6,18,158,13,54,55,135,10,9,48,3,2020,OutsideHitter
380,Davyskiba Anna,27,44,44,78,5,20,79,8,25,20,82,7,7,36,3,2020,OutsideHitter
381,Hippe Saskia,9,27,40,69,5,10,4,0,2,1,86,3,9,28,7,2020,OutsideHitter
382,Markovic Srna,13,23,37,70,6,7,82,4,22,27,82,6,3,26,5,2020,OutsideHitter
383,Mlinar Lucija,28,68,36,118,8,15,85,15,20,25,86,9,9,27,1,2020,OutsideHitter
384,Trevisan Francesca,25,56,30,59,1,5,129,14,27,47,111,11,15,28,1,2020,OutsideHitter
385,Bosetti Lucia,30,81,26,136,3,5,112,13,13,59,66,2,7,15,8,2020,OutsideHitter
386,Matos Massiel,3,11,26,43,1,3,72,11,13,28,65,4,8,23,2,2020,OutsideHitter
387,Lazic Rebecka,26,36,25,55,1,2,104,11,29,29,107,6,8,21,3,2020,OutsideHitter
388,Biganzoli Federica,24,59,23,72,8,18,32,1,5,14,31,2,3,14,1,2020,OutsideHitter
389,Marcone Benedetta,26,18,18,27,2,5,48,13,9,18,53,3,2,14,2,2020,OutsideHitter
390,Piccinini Francesca,23,52,14,36,3,1,67,11,12,28,36,1,3,10,1,2020,OutsideHitter
391,Populini Alessia,27,38,8,54,5,8,17,2,4,3,9,1,1,3,0,2020,OutsideHitter
392,Meijers Annick,26,24,6,2,0,1,11,2,1,3,17,2,1,6,0,2020,OutsideHitter
393,Andeng Okomo Melissa Sylvia 0,2,5,4,12,1,3,0,0,0,0,2,0,0,1,2,2020,OutsideHitter
394,Battistino Beatrice,15,3,3,4,0,0,20,3,6,6,21,3,5,3,0,2020,OutsideHitter
395,Scarabottini Anastasia,28,11,2,5,1,2,0,0,0,0,2,1,0,1,0,2020,OutsideHitter
396,Marcon Francesca,26,36,2,14,0,0,36,5,7,15,12,0,5,2,0,2020,OutsideHitter
397,Bulovic Katarina,25,3,1,3,0,0,5,1,2,1,5,0,0,1,0,2020,OutsideHitter
398,Giuliano Carola 0,1,1,1,3,0,0,0,0,0,0,1,0,0,1,0,2020,OutsideHitter
399,Montabone Alessandra 0,3,4,0,1,0,0,19,2,9,4,1,0,1,0,0,2020,OutsideHitter
400,Sturaro Ilaria 0,3,0,0,0,0,0,0,0,0,0,0,0,0,0,0,2020,OutsideHitter
401,Iannaccone Lucrezia 0,2,0,0,0,0,0,0,0,0,0,0,0,0,0,0,2020,OutsideHitter
402,Bolzonetti Alessia,2,0,0,0,0,0,0,0,0,0,0,0,0,0,0,2020,OutsideHitter
403,Bartolucci Valentina,1,0,0,0,0,0,0,0,0,0,0,0,0,0,0,2020,OutsideHitter
404,Almasio Noemi 0,1,0,0,0,0,0,0,0,0,0,0,0,0,0,0,2020,OutsideHitter
405,Guarena Francesca,1,0,0,0,0,0,0,0,0,0,0,0,0,0,0,2020,OutsideHitter
406,Egonu Paola,30,87,506,350,36,77,5,1,1,2,725,96,29,426,44,2020,Opposite
407,Mingardi Camilla,26,95,465,341,23,47,22,2,7,4,1132,67,65,400,42,2020,Opposite
408,Van Hecke Lise,29,109,448,404,29,50,7,3,1,1,974,65,61,382,37,2020,Opposite
409,Stysiak Magdalena,27,91,437,328,32,63,47,10,11,15,867,85,65,368,37,2020,Opposite
410,Nwakalor Sylvia,28,87,422,251,11,41,9,0,3,3,920,78,81,384,27,2020,Opposite
411,Montibeller Rosamaria,24,91,408,309,4,18,81,14,12,18,985,61,79,379,25,2020,Opposite
412,Grobelna Kaja,27,97,396,317,9,32,2,0,1,1,860,72,77,350,38,2020,Opposite
413,Ortolani Serena,28,103,379,374,14,36,12,2,3,4,999,52,73,337,25,2020,Opposite
414,Piani Vittoria,23,85,378,272,20,43,15,0,3,5,869,73,70,338,20,2020,Opposite
415,Smarzek Malwina,30,101,358,355,14,38,4,1,0,2,779,54,48,296,48,2020,Opposite
416,Nicoletti Anna,24,84,317,272,16,46,13,3,2,2,808,70,48,273,28,2020,Opposite
417,Bici Erblira,26,88,283,298,14,31,13,5,3,1,786,64,71,254,15,2020,Opposite
418,Drewniok Kimberly,30,64,131,119,12,15,3,0,2,1,313,23,31,112,7,2020,Opposite
419,Gicquel Lucille,30,40,127,87,6,21,5,2,0,3,235,23,13,101,20,2020,Opposite
420,Laak Kertu,27,71,89,148,10,21,4,0,1,2,185,14,12,75,4,2020,Opposite
421,Decortes Clara,12,31,71,69,3,16,0,0,0,0,180,15,16,63,5,2020,Opposite
422,Luketic Katarina,5,18,68,38,0,16,2,0,1,1,143,12,11,66,2,2020,Opposite
423,Zanette Elisa,28,43,42,38,1,4,0,0,0,0,117,8,9,39,2,2020,Opposite
424,Vanzurova Tereza,24,41,39,58,4,8,24,6,4,2,115,3,12,33,2,2020,Opposite
425,Obossa Josephine,28,30,37,32,2,5,0,0,0,0,80,6,8,30,5,2020,Opposite
426,Stijepic Milka,21,21,19,43,1,8,35,7,10,11,56,4,6,16,2,2020,Opposite
427,Bisio Elena,26,59,16,32,2,2,1,0,0,0,87,8,11,11,3,2020,Opposite
428,Danesi Anna,35,130,336,424,19,36,7,1,1,3,404,22,14,213,104,2021,Middleblocker
429,Jack-Kisal Sinead,26,94,291,278,12,36,8,1,3,2,435,26,39,218,61,2021,Middleblocker
430,Squarcini Federica,29,109,289,373,39,86,23,2,3,8,365,34,31,182,68,2021,Middleblocker
431,Belien Yvon,28,112,282,421,15,36,20,2,4,7,463,41,20,202,65,2021,Middleblocker
432,Stevanovic Jovana,28,107,265,359,19,50,10,3,2,3,382,25,31,172,74,2021,Middleblocker
433,Stufi Federica,29,115,257,372,11,20,20,3,3,8,430,28,31,206,40,2021,Middleblocker
434,Trnkova Veronika,26,95,249,348,12,41,16,3,2,5,323,22,26,169,68,2021,Middleblocker
435,Washington Haleigh,30,84,248,273,19,24,9,2,1,2,298,21,10,156,73,2021,Middleblocker
436,De Kruijf Robin,30,101,243,264,16,28,14,0,2,5,320,12,13,163,64,2021,Middleblocker
437,Chirichella Cristina,31,103,214,383,16,53,25,4,5,6,326,15,16,162,36,2021,Middleblocker
438,Olivotto Rossella,28,107,212,351,10,26,15,2,4,3,256,20,4,137,65,2021,Middleblocker
439,Mazzaro Alessia,28,105,204,395,12,9,16,3,5,7,302,27,8,124,68,2021,Middleblocker
440,Alberti Sara,30,100,192,381,8,15,17,1,5,6,237,7,10,112,72,2021,Middleblocker
441,Alhassan Rhamat,28,88,189,205,4,31,6,1,3,2,264,13,16,138,47,2021,Middleblocker
442,Melandri Laura,26,98,186,308,1,5,16,3,2,3,264,23,13,125,60,2021,Middleblocker
443,Sylves Amandha,28,94,180,258,20,39,5,1,2,1,251,19,18,116,44,2021,Middleblocker
444,Cecconello Agnese,26,98,176,277,8,34,9,2,2,2,290,17,10,127,41,2021,Middleblocker
445,Folie Raphaela,33,87,174,208,9,44,6,1,1,3,213,13,14,118,47,2021,Middleblocker
446,Furlan Eleonora,26,88,165,214,10,44,22,1,5,4,240,18,14,109,46,2021,Middleblocker
447,Schoelzel Marie,26,91,165,295,9,26,11,4,1,2,249,15,18,111,45,2021,Middleblocker
448,Bauer Christina,26,79,161,262,12,21,9,1,1,4,240,8,8,112,37,2021,Middleblocker
449,Mancini Giulia,26,87,149,289,10,28,15,1,2,3,225,17,6,100,39,2021,Middleblocker
450,Silva Correa Ana Beatriz,29,79,148,224,4,25,20,2,5,9,171,5,14,86,58,2021,Middleblocker
451,Lubian Marina,30,62,143,211,18,30,9,2,1,1,186,7,14,106,19,2021,Middleblocker
452,Vuchkova Hristina,34,67,128,186,9,22,4,1,1,1,151,8,5,82,37,2021,Middleblocker
453,Rettke Dana,20,55,125,145,7,26,6,0,0,4,200,13,14,93,25,2021,Middleblocker
454,Zambelli Marina,26,75,122,186,3,8,7,1,2,1,252,12,13,100,19,2021,Middleblocker
455,Candi Sonia,35,110,118,272,17,36,5,1,0,2,159,12,6,65,36,2021,Middleblocker
456,Butigan Bozana,24,49,118,159,4,32,10,2,4,2,141,6,10,69,45,2021,Middleblocker
457,Weitzel Camilla,28,65,116,166,11,36,10,1,1,5,152,11,6,72,33,2021,Middleblocker
458,Ogoms Alicia,26,78,111,231,8,12,14,3,2,4,163,5,11,62,41,2021,Middleblocker
459,Guidi Ludovica,26,81,103,245,10,12,17,1,1,8,170,8,5,69,24,2021,Middleblocker
460,Graziani Emma,27,48,96,55,3,6,10,1,3,0,136,13,7,69,24,2021,Middleblocker
461,Berti Beatrice,26,52,83,117,4,11,5,2,1,1,126,7,10,54,25,2021,Middleblocker
462,Bonifacio Sara,32,52,82,170,7,10,3,1,0,0,98,3,6,57,18,2021,Middleblocker
463,Rucli Michela,25,51,76,120,5,15,4,0,0,2,108,10,8,41,30,2021,Middleblocker
464,White Mkaela,26,58,72,171,8,23,8,3,2,1,113,4,8,46,18,2021,Middleblocker
465,Zakchaiou Katerina,21,38,65,81,5,11,6,1,1,3,76,5,4,41,19,2021,Middleblocker
466,Nwakalor Linda,25,43,42,88,3,4,3,1,0,1,68,5,5,18,21,2021,Middleblocker
467,Caruso Sara,28,24,30,44,1,6,4,0,0,3,44,0,3,20,9,2021,Middleblocker
468,Fahr Sarah,15,22,30,31,0,6,2,1,1,0,37,3,2,21,9,2021,Middleblocker
469,Botezat Alexandra,26,23,17,51,1,3,0,0,0,0,18,1,2,8,8,2021,Middleblocker
470,Rebora Sofia,26,57,14,84,9,19,1,0,0,0,25,2,7,4,1,2021,Middleblocker
471,Tonello Viola,25,20,7,28,0,1,4,1,0,1,30,2,2,7,0,2021,Middleblocker
472,Herrera Blanco Liset,28,11,5,18,1,0,0,0,0,0,10,3,0,2,2,2021,Middleblocker
473,Moretto Gaia,34,5,4,8,0,1,0,0,0,0,3,0,1,2,2,2021,Middleblocker
474,Costantini Veronica,31,3,3,6,0,0,0,0,0,0,3,0,0,2,1,2021,Middleblocker
475,Bartolini Benedetta,24,2,3,6,1,1,0,0,0,0,2,0,1,0,2,2021,Middleblocker
476,Ohman Daniela,13,13,2,18,0,5,4,0,1,1,5,1,2,2,0,2021,Middleblocker
477,Guarena Francesca,25,10,1,13,1,3,0,0,0,0,0,0,0,0,0,2021,Middleblocker
478,Colombo Valentina,28,1,0,0,0,0,0,0,0,0,0,0,0,0,0,2021,Middleblocker
479,Diagne Astou,27,0,0,0,0,0,0,0,0,0,0,0,0,0,0,2021,Middleblocker
480,Martinez Volskis Ludovica 0,1,0,0,0,0,0,0,0,0,0,0,0,0,0,0,2021,Middleblocker
481,Lanier Khalia,26,101,465,337,25,36,419,48,105,122,1080,70,83,417,23,2021,OutsideHitter
482,Gray Alexa,27,103,453,367,14,35,998,94,320,273,928,66,56,421,18,2021,OutsideHitter
483,Stysiak Magdalena,35,99,395,287,23,65,81,10,16,22,826,76,60,343,29,2021,OutsideHitter
484,Van Hecke Lise,35,97,380,269,13,48,2,0,1,1,827,70,39,336,31,2021,OutsideHitter
485,Stigrot Lena,26,98,374,348,11,15,857,81,165,251,865,60,68,348,15,2021,OutsideHitter
486,Guerra Anastasia,26,82,348,279,25,44,516,61,132,189,732,49,63,305,18,2021,OutsideHitter
487,Plummer Kathryn,34,99,337,325,12,52,542,69,107,196,647,58,41,296,29,2021,OutsideHitter
488,Shcherban Yana,26,96,337,343,9,25,769,66,166,264,907,38,72,312,17,2021,OutsideHitter
489,Daalderop Nika,32,96,329,202,10,33,551,56,117,179,672,30,37,287,32,2021,OutsideHitter
490,Pietrini Elena,30,100,326,334,14,45,678,58,133,234,794,51,44,285,27,2021,OutsideHitter
491,Rivero Jessica,26,95,321,320,28,67,628,49,162,180,808,52,57,280,13,2021,OutsideHitter
492,Kuznetsova Sofya,29,94,305,290,30,74,513,56,127,159,623,42,64,249,26,2021,OutsideHitter
493,Kosheleva Tatiana,21,66,305,242,5,35,492,46,77,142,696,48,38,275,25,2021,OutsideHitter
494,Bosetti Caterina,32,114,288,463,17,45,573,51,91,241,752,64,86,246,25,2021,OutsideHitter
495,Villani Francesca,27,93,285,307,17,25,591,54,115,168,597,43,37,239,29,2021,OutsideHitter
496,Van Gestel Celine,28,108,282,390,12,20,636,55,106,245,673,43,48,249,21,2021,OutsideHitter
497,Braga Ellen Vilas Boas,26,83,275,268,18,31,404,51,83,140,662,36,59,242,16,2021,OutsideHitter
498,Gennari Alessia,35,93,274,325,16,21,623,52,133,228,572,31,29,230,28,2021,OutsideHitter
499,Zilio Pereira Natalia,29,94,272,306,17,30,598,51,106,225,631,33,53,232,23,2021,OutsideHitter
500,Davyskiba Anna,35,103,266,305,26,50,616,64,121,235,584,40,38,226,14,2021,OutsideHitter
501,Cazaute Helena,28,93,261,260,21,50,429,32,38,183,511,38,41,218,22,2021,OutsideHitter
502,Carcaces Kenia,26,77,261,239,10,32,474,29,101,130,590,57,33,228,23,2021,OutsideHitter
503,Havelkova Helena,26,96,252,307,16,73,649,55,134,245,629,52,46,209,27,2021,OutsideHitter
504,Loda Sara,26,92,249,270,12,43,467,45,96,150,637,56,54,220,17,2021,OutsideHitter
505,Nizetich Yamila,26,91,243,271,21,28,419,42,68,132,644,53,54,209,13,2021,OutsideHitter
506,Degradi Alice,25,72,232,198,15,28,426,42,94,139,486,38,27,201,16,2021,OutsideHitter
507,Frantti Alexandra,28,90,211,238,3,20,395,50,77,110,468,35,29,192,16,2021,OutsideHitter
508,Enweonwu Terry Ruth,28,92,207,227,16,37,478,59,92,113,479,45,39,177,14,2021,OutsideHitter
509,Sylla Myriam,30,94,197,288,4,8,522,56,107,187,413,36,26,166,27,2021,OutsideHitter
510,Courtney Megan,33,109,185,265,2,21,365,35,59,175,461,26,25,170,13,2021,OutsideHitter
511,Newcombe Sonja,24,78,176,251,2,18,316,25,56,105,532,19,29,158,16,2021,OutsideHitter
512,Jasper Marrit,29,100,175,233,8,28,422,40,71,146,479,49,40,156,11,2021,OutsideHitter
513,Sorokaite Indre,27,70,174,215,13,38,445,45,78,155,467,45,31,148,13,2021,OutsideHitter
514,Larson Jordan,14,49,148,162,3,19,142,7,19,76,350,16,20,135,10,2021,OutsideHitter
515,Cagnin Emma,26,84,147,153,1,7,309,29,56,103,420,25,40,138,8,2021,OutsideHitter
516,Bosetti Lucia,28,102,141,302,10,14,235,19,44,100,365,16,21,98,33,2021,OutsideHitter
517,Herbots Britt,32,63,140,137,6,15,251,27,58,80,306,12,12,130,4,2021,OutsideHitter
518,Lazovic Katarina,33,75,115,157,4,15,287,19,66,105,252,11,17,102,9,2021,OutsideHitter
519,Omoruyi Loveth Oghosasere,33,45,113,156,4,6,232,26,45,77,202,16,10,91,18,2021,OutsideHitter
520,Arciprete Alessia,26,53,103,132,14,38,245,24,46,69,241,25,19,81,8,2021,OutsideHitter
521,Ungureanu Adelina,28,77,97,193,18,36,229,29,62,59,221,15,16,69,10,2021,OutsideHitter
522,Pamio Alice,26,54,94,164,9,28,279,31,56,76,271,25,18,76,9,2021,OutsideHitter
523,Melli Giulia,26,63,92,141,7,11,236,25,55,77,275,17,19,76,9,2021,OutsideHitter
524,Mason Chiara,26,85,87,175,11,21,148,20,27,43,199,14,10,70,6,2021,OutsideHitter
525,Giovannini Gaia,28,93,84,129,1,14,299,22,55,118,247,18,31,79,4,2021,OutsideHitter
526,Knollema Jolien,28,47,59,85,4,9,162,15,40,57,151,16,13,47,8,2021,OutsideHitter
527,Enright Stephanie,10,27,53,63,4,9,71,5,19,22,141,5,14,48,1,2021,OutsideHitter
528,Piva Rebecca,12,35,45,73,8,23,132,10,33,38,116,19,13,33,4,2021,OutsideHitter
529,Kosareva Dayana,26,57,42,73,2,18,122,9,17,46,118,9,17,33,7,2021,OutsideHitter
530,Angeloni Veronica,30,44,41,85,4,5,94,8,15,35,92,10,8,35,2,2021,OutsideHitter
531,Szucs Kinga,26,70,40,70,3,5,167,11,27,57,130,12,13,35,2,2021,OutsideHitter
532,Orthmann Hanna,13,19,35,51,7,10,68,5,7,21,82,7,6,26,2,2021,OutsideHitter
533,Perinelli Elena,19,50,30,48,0,2,93,7,20,28,82,7,6,28,2,2021,OutsideHitter
534,Mangani Linda,25,43,28,71,8,14,37,8,8,8,59,5,7,18,2,2021,OutsideHitter
535,D'Odorico Sofia,32,72,26,123,9,18,131,16,28,38,62,5,7,17,0,2021,OutsideHitter
536,Papa Valeria,14,18,15,32,1,4,70,5,20,21,55,1,5,14,0,2021,OutsideHitter
537,Mihajlovic Brankica,9,8,10,15,1,5,8,2,2,1,27,2,2,8,1,2021,OutsideHitter
538,Battista Valeria,28,27,7,34,0,6,3,0,1,1,34,5,6,5,2,2021,OutsideHitter
539,Lapini Bianca,28,46,4,104,3,7,51,4,11,10,3,0,0,1,0,2021,OutsideHitter
540,Rabadzhieva Dobriana,2,3,3,10,0,2,15,1,1,6,13,1,1,3,0,2021,OutsideHitter
541,Cicola Luna,25,41,1,26,1,9,36,3,15,10,1,0,0,0,0,2021,OutsideHitter
542,Piovesan Anna,10,5,1,7,1,1,0,0,0,0,0,0,0,0,0,2021,OutsideHitter
543,Provaroni Claudia,26,57,0,25,0,2,99,6,22,38,0,0,0,0,0,2021,OutsideHitter
544,Scarabottini Anastasia,8,0,0,0,0,0,0,0,0,0,0,0,0,0,0,2021,OutsideHitter
545,Cerbino Nadia 0,5,0,0,0,0,0,0,0,0,0,0,0,0,0,0,2021,OutsideHitter
546,Munarini Matilde 0,4,4,0,0,0,0,0,0,0,0,0,0,0,0,0,2021,OutsideHitter
547,Bole Elisa 0,3,0,0,0,0,0,0,0,0,0,0,0,0,0,0,2021,OutsideHitter
548,Colleoni Giulia,2,0,0,0,0,0,0,0,0,0,0,0,0,0,0,2021,OutsideHitter
549,Montabone Alessandra 0,2,0,0,0,0,0,0,0,0,0,0,0,0,0,0,2021,OutsideHitter
550,Mapelli Katia 0,2,0,0,0,0,0,0,0,0,0,0,0,0,0,0,2021,OutsideHitter
551,Saletti Anna 0,2,0,0,0,0,0,0,0,0,0,0,0,0,0,0,2021,OutsideHitter
552,Ulligini Gaia 0,1,0,0,0,0,0,0,0,0,0,0,0,0,0,0,2021,OutsideHitter
553,Marcon Francesca,1,0,0,0,0,0,0,0,0,0,0,0,0,0,0,2021,OutsideHitter
554,Damato Alessia 0,1,0,0,0,0,0,0,0,0,0,0,0,0,0,0,2021,OutsideHitter
555,Battistino Beatrice,1,0,0,0,0,0,0,0,0,0,0,0,0,0,0,2021,OutsideHitter
556,Davoli Marta 0,1,0,0,0,0,0,0,0,0,0,0,0,0,0,0,2021,OutsideHitter
557,Egonu Paola,33,124,763,471,49,86,6,2,0,2,1298,144,30,665,48,2021,Opposite
558,Karakurt Ebrar,32,112,562,436,38,63,6,1,1,1,1162,111,72,480,44,2021,Opposite
559,Nwakalor Sylvia,28,111,553,310,6,40,12,5,2,3,1200,122,82,499,48,2021,Opposite
560,Mingardi Camilla,28,107,549,365,22,52,8,1,5,1,1223,78,76,502,25,2021,Opposite
561,Grobelna Kaja,28,105,483,397,27,55,3,2,1,0,1023,58,88,421,35,2021,Opposite
562,Gicquel Lucille,29,111,442,365,31,59,14,3,6,2,900,84,70,358,53,2021,Opposite
563,Klimets Hanna,26,94,396,299,13,24,6,3,0,2,912,55,78,344,39,2021,Opposite
564,Antropova Ekaterina,26,80,354,256,47,62,25,3,6,4,611,40,38,269,38,2021,Opposite
565,Piani Vittoria,25,76,320,278,30,55,2,0,1,1,741,67,56,280,10,2021,Opposite
566,Lippmann Louisa,30,86,275,227,8,24,3,0,0,1,630,41,34,249,18,2021,Opposite
567,Malual Adhuoljok John Majak,26,79,226,190,7,31,2,1,0,0,525,55,49,184,35,2021,Opposite
568,Bjelica Ana,20,73,215,236,12,31,7,1,3,0,571,52,42,191,12,2021,Opposite
569,Diop Bintu,26,75,184,210,13,33,3,0,1,1,460,38,49,152,19,2021,Opposite
570,Diouf Valentina,12,38,165,127,1,14,2,1,1,0,419,26,33,146,18,2021,Opposite
571,Rahimova Polina,22,47,149,117,6,16,9,2,0,4,330,30,36,132,11,2021,Opposite
572,May Mackenzie,13,44,108,140,3,33,171,19,50,47,297,21,26,100,5,2021,Opposite
573,Borgo Ana Paula,26,54,101,82,1,13,4,2,0,1,269,15,20,94,6,2021,Opposite
574,Decortes Clara,26,39,66,57,0,19,17,1,6,3,206,19,23,63,3,2021,Opposite
575,Montibeller Rosamaria,26,32,57,40,0,5,1,0,0,1,140,8,9,48,9,2021,Opposite
576,Galkowska Monika,8,24,48,41,2,8,0,0,0,0,120,11,6,42,4,2021,Opposite
577,Zanette Elisa,29,44,41,36,0,6,0,0,0,0,95,11,11,39,2,2021,Opposite
578,Botarelli Irene,26,50,25,75,2,11,3,0,2,1,69,9,8,19,4,2021,Opposite
579,Frosini Giorgia,34,54,20,62,0,7,0,0,0,0,57,10,5,19,1,2021,Opposite
580,Zhidkova Katerina,5,7,19,22,0,2,0,0,0,0,40,2,5,19,0,2021,Opposite
581,Karaoglu Yagmur,19,10,6,3,0,1,0,0,0,0,16,2,1,5,1,2021,Opposite
582,Adriano Virginia 0,3,0,0,0,0,0,0,0,0,0,0,0,0,0,0,2021,Opposite
583,Fabbrini Chiara 0,2,0,0,0,0,0,0,0,0,0,0,0,0,0,0,2021,Opposite
